module_name,feature,screen_count
NX竞技,Boss挑战,1
NX竞技,NX竞技,8
NX竞技,商城/订单,2
NX竞技,宝石,1
NX竞技,猿石/矿石,1
NX竞技,竞技场,4
NX竞技,邀请/社交,3
NX竞技,黄金矿场,1
主城/潮玩主页,主城/潮玩主页,32
主城/潮玩主页,交易/寄售,3
主城/潮玩主页,卡牌/闪卡,21
主城/潮玩主页,商城/订单,11
主城/潮玩主页,大逃杀,4
主城/潮玩主页,抽签/抽奖,6
主城/潮玩主页,斗猿场,2
主城/潮玩主页,盲盒/福袋,4
主城/潮玩主页,钱包/资产,5
主城/潮玩主页,黄金矿场,3
公共/飞船,公共/飞船,3
公共/飞船,商城/订单,1
公共/飞船,宇宙探索,2
公共/飞船,账号/身份,1
商城/卡牌,IP/设计师,6
商城/卡牌,交易/寄售,1
商城/卡牌,卡牌/闪卡,3
商城/卡牌,商城/卡牌,10
商城/卡牌,商城/订单,2
商城/卡牌,抽签/抽奖,1
商城/卡牌,提现/结算,1
商城/卡牌,盲盒/福袋,1
商城/卡牌,邀请/社交,1
商城/卡牌,黄金矿场,2
地下城,勋章,1
地下城,地下城,3
地下城,宝石地下城,15
多人矿坑,多人矿坑,3
宇宙探索,宇宙探索,16
宇宙探索,邀请/社交,2
宇宙探索,黄金矿场,5
宝藏盲盒,商城/订单,3
宝藏盲盒,盲盒/福袋,6
小游戏集合,今晚吃鸡,2
小游戏集合,大逃杀,1
小游戏集合,小游戏集合,3
小游戏集合,弹珠,1
小游戏集合,虎口逃生,2
小游戏集合,运动会,2
店长/代理,卡牌/闪卡,2
店长/代理,商城/订单,1
店长/代理,店长/代理,14
店长/代理,黄金矿场,2
微信适配,微信适配,1
我的/钱包,交易/寄售,3
我的/钱包,卡牌/闪卡,1
我的/钱包,商城/订单,2
我的/钱包,我的/钱包,14
我的/钱包,抽签/抽奖,1
我的/钱包,提现/结算,1
我的/钱包,竞拍,4
我的/钱包,系统/客服,7
我的/钱包,账号/身份,3
我的/钱包,邀请/社交,4
我的/钱包,钱包/资产,13
我的/钱包,黄金矿场,1
抢夺,抢夺/抢劫,3
拔河,拔河,3
数字潮玩,交易/寄售,2
数字潮玩,卡牌/闪卡,2
数字潮玩,商城/订单,1
数字潮玩,抽签/抽奖,9
数字潮玩,数字潮玩,16
数字潮玩,竞拍,5
方块兽,交易/寄售,1
方块兽,匕首/刺杀,7
方块兽,商城/订单,2
方块兽,大逃杀,3
方块兽,抢夺/抢劫,3
方块兽,方块兽,5
方块兽,邀请/社交,2
方块兽/动物玩法,方块兽/动物玩法,5
月饼/兑换,商城/订单,9
月饼/兑换,月饼/兑换,15
消息/未成年人,消息/未成年人,2
消息/未成年人,系统/客服,3
炸猴王,炸猴王,2
炸猴王,猿石/矿石,1
猿兔战斗,猿兔战斗,4
猿宇宙,IP/设计师,1
猿宇宙,交易/寄售,5
猿宇宙,勋章,5
猿宇宙,卡牌/闪卡,12
猿宇宙,商城/订单,4
猿宇宙,宝石,5
猿宇宙,拼团,6
猿宇宙,拼图矿场,5
猿宇宙,炸猴王,2
猿宇宙,猿宇宙,30
猿宇宙,猿石/矿石,4
猿宇宙,盲盒/福袋,3
猿宇宙,竞技场,1
猿宇宙,邀请/社交,6
猿宇宙,金沙,3
猿宇宙,黄金矿场,2
猿石魔兽,猿石魔兽,2
百人/IP内容,商城/订单,1
百人/IP内容,百人/IP内容,5
盲盒,卡牌/闪卡,3
盲盒,商城/订单,3
盲盒,盲盒,3
盲盒,盲盒/福袋,7
系统入口,系统入口,1
设计师,IP/设计师,3
设计师,设计师,5
账号/登录,账号/登录,6
账号/登录,账号/身份,9
超级链接,盲盒/福袋,1
超级链接,超级链接,1
超级链接,邀请/社交,4
邀请裂变,抽签/抽奖,1
邀请裂变,提现/结算,2
邀请裂变,邀请/社交,8
黄金矿场,商城/订单,1
黄金矿场,系统/客服,1
黄金矿场,黄金矿场,15
